total_responses,overall_accuracy,overall_hallucination_rate,avg_response_length
10800,0.2551851851851852,0.004367633034256701,121.9762962962963
